Title,Link,Date 
#BellaNaijaWCW Hauwa Ojeifo is Providing Love, Hope & Support with SheWritesWoman & Safe Place Nigeria, https://www.bellanaija.com/2018/11/bellanaijawcw-hauwa-ojeifo-is-providing-love-hope-support-with-shewriteswoman-safe-place-nigeria/, 28.11.2018 
Nigeria and Nigerians need to be rescued from Poverty – Oby Ezekwesili, https://www.bellanaija.com/2018/11/nigeria-and-nigerians-need-to-be-rescued-from-poverty-oby-ezekwesili/, 28.11.2018 
Netflix to adapt Matilda, Charlie and The Chocolate Factory & other Roald Dahl Stories as Animated Series, https://www.bellanaija.com/2018/11/netflix-to-adapt-matilda-charlie-and-the-chocolate-factory-other-roald-dahl-stories-as-animated-series/, 28.11.2018 
Jo Maxwell talks ‘Achieving Success as a Black Woman in the Diaspora’ in a New Episode of her Show | BN TV, https://www.bellanaija.com/2018/11/jo-maxwell-talks-achieving-success-as-a-black-woman-in-the-diaspora-in-a-new-episode-of-her-show-bn-tv/, 28.11.2018 
IBPlc KickStart will be giving 27 Businesses a Grant to end its Award Ceremony | November 29th, https://www.bellanaija.com/2018/11/ibplc-kickstart-grant-ceremony/, 28.11.2018 
Ava DuVernay Lands $100Million Overall Deal with Warner Bros TV, https://www.bellanaija.com/2018/11/ava-duvernay-lands-100million-overall-deal-with-warner-bros-tv/, 28.11.2018 
Sex for Marks Scandal: Sacked OAU Lecturer denied Bail, accused of involvement in Child Pornography, https://www.bellanaija.com/2018/11/richard-akindele-child-pornography/, 28.11.2018 
Diamond Bank launches XclusivePlus, a Premium Lifestyle Subscription Service, https://www.bellanaija.com/2018/11/diamond-bank-xclusiveplus/, 28.11.2018 
New Video: R2bees – Beautiful, https://www.bellanaija.com/2018/11/new-video-r2bees-beautiful/, 28.11.2018 
“In 2019 you’ll read from me again” – Toke Makinwa on 2nd year anniversary of ‘On Becoming’, https://www.bellanaija.com/2018/11/in-2019-youll-read-from-me-again-toke-makinwa-on-2nd-year-anniversary-of-on-becoming/, 28.11.2018 
MBGN Universe 2018 Aramide Lopez is off to represent Nigeria at the Miss Universe Pageant, https://www.bellanaija.com/2018/11/mbgn-universe-2018-aramide-lopez-is-off-to-represent-nigeria-at-the-miss-universe-pageant/, 28.11.2018 
Introducing Mr & Mrs Pimentel! Singer Miguel & Longtime Partner Nazanin Mandi Tie the Knot, https://www.bellanaija.com/2018/11/introducing-mr-mrs-pimentel-singer-miguel-longtime-partner-nazanin-mandi-tie-the-knot/, 28.11.2018 
Burna Boy, Teni The Entertainer, DJ Spaxx, DJ Nani thrill audience at Festival of Lights, https://www.bellanaija.com/2018/11/festival-of-lights-burna-boy/, 28.11.2018 
Tomi Adeyemi apologizes after calling out Nora Roberts for using “Of Blood and Bone” Title, https://www.bellanaija.com/2018/11/tomi-adeyemi-nora-roberts/, 28.11.2018 
Gideon Chukwuemeka Ogbonna: The Hustle of Sending Money Abroad – A Disturbing Nigerian Case, https://www.bellanaija.com/2018/11/gideon-chukwuemeka-ogbonna-the-hustle-of-sending-money-abroad-a-disturbing-nigerian-case/, 28.11.2018 
Hysterical Third Teaser for ‘Chief Daddy’ Reveals More than Expected!, https://www.bellanaija.com/2018/11/hysterical-third-teaser-for-chief-daddy-reveals-more-than-expected/, 28.11.2018 
Lagos HoA Candidate Babajide Balogun talks Money Politics, Youth Empowerment on Politico Politica with Isabella Akinseye | WATCH, https://www.bellanaija.com/2018/11/lagos-hoa-candidate-babajide-balogun-talks-money-politics-youth-empowerment-on-politico-politica-with-isabella-akinseye-watch/, 28.11.2018 
Lil’ Bella says: You’ll crash sometimes and that’s just fine, https://www.bellanaija.com/2018/11/lil-bella-says-youll-crash-sometimes-and-thats-just-fine/, 28.11.2018 
#BNQuoteoftheDay, https://www.bellanaija.com/2018/11/bnquoteoftheday-314/, 28.11.2018 
